{
    "miniprogramRoot": "miniprogram/",
    "cloudfunctionRoot": "cloudfunctions/",
    "setting": {
        "urlCheck": true,
        "es6": false,
        "enhance": true,
        "postcss": true,
        "preloadBackgroundData": false,
        "minified": true,
        "newFeature": true,
        "coverView": true,
        "nodeModules": false,
        "autoAudits": false,
        "showShadowRootInWxmlPanel": true,
        "scopeDataCheck": false,
        "uglifyFileName": false,
        "checkInvalidKey": true,
        "checkSiteMap": true,
        "uploadWithSourceMap": true,
        "compileHotReLoad": false,
        "lazyloadPlaceholderEnable": false,
        "useMultiFrameRuntime": true,
        "babelSetting": {
            "ignore": [],
            "disablePlugins": [],
            "outputPath": ""
        },
        "useIsolateContext": true,
        "userConfirmedBundleSwitch": false,
        "packNpmManually": false,
        "packNpmRelationList": [],
        "minifyWXSS": true,
        "disableUseStrict": false,
        "minifyWXML": true,
        "showES6CompileOption": false,
        "useCompilerPlugins": false,
        "ignoreUploadUnusedFiles": true,
        "useStaticServer": true,
        "condition": false
    },
    "simulatorType": "wechat",
    "simulatorPluginLibVersion": {},
    "cloudfunctionTemplateRoot": "cloudfunctionTemplate/",
    "condition": {
        "search": {
            "list": []
        },
        "conversation": {
            "list": []
        },
        "plugin": {
            "list": []
        },
        "game": {
            "list": []
        },
        "gamePlugin": {
            "list": []
        },
        "miniprogram": {
            "list": [
                {
                    "id": -1,
                    "name": "db guide",
                    "pathName": "pages/databaseGuide/databaseGuide",
                    "query": ""
                },
                {
                    "id": -1,
                    "name": "注册",
                    "pathName": "pages/login/login",
                    "query": "",
                    "scene": null
                },
                {
                    "id": -1,
                    "name": "发布",
                    "pathName": "pages/publish/publish",
                    "query": "",
                    "scene": null
                },
                {
                    "id": 3,
                    "name": "详情页",
                    "pathName": "pages/detail/detail",
                    "query": "scene=3c4c6d855d70f8b6124543920c2934e6",
                    "scene": null
                },
                {
                    "id": 4,
                    "name": "支付成功",
                    "pathName": "pages/success/success",
                    "query": "id=efdeb2615d72487b1319b22650cd56cb",
                    "scene": null
                },
                {
                    "id": -1,
                    "name": "【订单】详情",
                    "pathName": "pages/order/detail/detail",
                    "query": "id=5d262bd45d7264f5134049797256c6f9",
                    "scene": null
                },
                {
                    "id": -1,
                    "name": "【订单】列表",
                    "pathName": "pages/order/list/list",
                    "query": "",
                    "scene": null
                },
                {
                    "id": -1,
                    "name": "个人中心",
                    "pathName": "pages/my/my",
                    "query": "",
                    "scene": null
                },
                {
                    "id": -1,
                    "name": "关于我们",
                    "pathName": "pages/about/about",
                    "query": "",
                    "scene": null
                },
                {
                    "id": -1,
                    "name": "钱包",
                    "pathName": "pages/parse/parse",
                    "query": "",
                    "scene": null
                },
                {
                    "id": -1,
                    "name": "充值",
                    "pathName": "pages/recharge/recharge",
                    "query": "",
                    "scene": null
                },
                {
                    "id": -1,
                    "name": "提现",
                    "pathName": "pages/reflect/reflect",
                    "query": "",
                    "scene": null
                },
                {
                    "id": 12,
                    "name": "我的发布【列表】",
                    "pathName": "pages/sell/list/list",
                    "query": "",
                    "scene": null
                },
                {
                    "id": 13,
                    "name": "我的发布【详情】",
                    "pathName": "pages/sell/detail/detail",
                    "query": "id=efdeb2615d70eb6012393ac94afadcf6",
                    "scene": null
                },
                {
                    "id": -1,
                    "name": "搜索",
                    "pathName": "pages/search/search",
                    "query": "",
                    "scene": null
                },
                {
                    "id": -1,
                    "name": "首页",
                    "pathName": "pages/index/index",
                    "query": "",
                    "scene": null
                },
                {
                    "id": -1,
                    "name": "【编辑资料】",
                    "pathName": "pages/edit/edit",
                    "query": "",
                    "scene": null
                },
                {
                    "id": -1,
                    "name": "帮助中心",
                    "pathName": "pages/help/help",
                    "query": "",
                    "scene": null
                },
                {
                    "id": -1,
                    "name": "pages/about/about",
                    "pathName": "pages/about/about",
                    "query": "",
                    "scene": null
                },
                {
                    "id": -1,
                    "name": "pages/message/message",
                    "pathName": "pages/message/message",
                    "scene": null
                }
            ]
        }
    },
    "compileType": "miniprogram",
    "srcMiniprogramRoot": "miniprogram/",
    "editorSetting": {
        "tabIndent": "insertSpaces",
        "tabSize": 4
    },
    "description": "项目配置文件，详见文档：https://developers.weixin.qq.com/miniprogram/dev/devtools/projectconfig.html",
    "libVersion": "2.24.3",
    "packOptions": {
        "ignore": [],
        "include": []
    },
    "appid": "wx52b156d9541d098c"
}