{
  "description": "项目私有配置文件。此文件中的内容将覆盖 project.config.json 中的相同字段。项目的改动优先同步到此文件中。详见文档：https://developers.weixin.qq.com/miniprogram/dev/devtools/projectconfig.html",
  "projectname": "miniprogram",
  "setting": {
    "compileHotReLoad": true,
    "urlCheck": false
  },
  "condition": {
    "miniprogram": {
      "list": [
        {
          "name": "",
          "pathName": "pages/details/details",
          "query": "id=6346b22853f21aa584316f51",
          "launchMode": "default",
          "scene": null
        },
        {
          "name": "",
          "pathName": "pages/index/index",
          "query": "",
          "launchMode": "default",
          "scene": null
        },
        {
          "name": "",
          "pathName": "pages/order/order",
          "query": "",
          "launchMode": "default",
          "scene": null
        },
        {
          "name": "",
          "pathName": "pages/search/search",
          "query": "",
          "launchMode": "default",
          "scene": null
        }
      ]
    }
  },
  "libVersion": "2.25.4"
}